item,qty,spec,supplier,unit_cost_usd,make_buy,notes
1 Drain and purge stand,1,"Welded frame of 40 x 40 x 3 mm RHS: two rails 800 mm, four legs 260 mm, two saddles 560 mm; four hardwood chocks 40 x 60 mm on the saddles, 70 mm high at the far end and 45 mm at the bung end (2.9 degree slope); S275; about 13 kg",Local steel stockist; timber yard (chocks),42.00,make,Holds a water-filled drum (about 227 kg); DMP-CAL-001 section 3
2 Drain tray 60 L,1,"HDPE oil drain tray about 600 x 500 x 150 mm, placed under the bung end of the drain stand",Hardware or motor parts store,35.00,buy,Catches residue and purge water
3 Purge kit,1,"15 m of 19 mm garden hose with tap connector; 3/4 in bung hose adaptor; 2 in bung drain spout; non-sparking (brass or bronze) bung wrench; one tap fitted to a spare drum used as a settling drum so purge water is reused; biodegradable detergent",Hardware store; drum supplier,95.00,buy,Water fill purge decided 2026-10-03 (DMP-DDR-001 D1)
4 Vapour check kit,1,"Portable combustible gas detector with a catalytic bead or infrared LEL sensor, internal sampling pump and 1 m probe hose, alarm settable at 5 % LEL (a 4-gas meter reading LEL, O2, CO and H2S is acceptable); bump-test gas (50 % LEL methane) with a demand regulator",Safety equipment supplier,600.00,buy,Pass below 5 % LEL; bump test each day of use (DMP-DDR-001 D2)
5 Cradle frame with levelling feet,1,"50 x 50 x 3 mm RHS: two side rails 1,500 mm, six cross members 600 mm, four legs 192.5 mm with 60 x 60 x 6 mm foot plates; four M12 levelling feet with 60 mm pads; S275; about 34 kg",Local steel stockist,95.00,make,Bolt holes for the post bases in the four end cross members
6 Cradle rollers shafts and pillow blocks,1,"Two 25 mm bright steel shafts 1,120 mm; four rollers from 101.6 x 4 mm tube 100 mm long with 10 mm end discs bored 25 mm, welded to the shafts under the rolling hoops; four UCP205 pillow blocks with 8 x M10 bolts",Local steel stockist; bearing supplier,105.00,make,Rollers 380 mm apart carry the drum on its hoops at 33 degrees from vertical
7 Drum brake,1,"40 x 40 x 3 mm RHS post 460 mm bolted to the outer face of the +Y side rail with 2 x M10; M16 x 200 screw with a welded T-handle running in a welded nut; 60 mm rubber pad on a swivel plate",Local steel stockist; hardware store,22.00,make,Holds the drum still for the seam slit
8 Rail posts rail beam and bolts,1,"Two 60 x 60 x 4 mm RHS posts 927 mm with 200 x 100 x 10 mm base plates and 120 x 80 x 10 mm caps; 80 x 40 x 3 mm RHS rail beam 1,540 mm; 8 x M10 x 80 base bolts and 4 x M10 x 110 through-bolts with 14 mm crush tubes; about 24 kg",Local steel stockist; fastener supplier,62.00,make,Portal frame over the cradle for the shear head trolley
9 Trolley swivel and drop bar,1,"Two 6 mm side plates 180 x 164 mm on a 12 mm swivel plate; four 6202-2RS bearings as wheels on 15 mm axles (two on the beam top, two under it); 30 mm pivot pin with a 10 mm index pin and two index holes at 90 degrees; 50 x 50 x 4 mm RHS drop bar 126 mm welded between a 120 x 120 x 12 mm head plate and the shear head; drum height set by the cradle levelling feet",Local steel stockist; bearing supplier,48.00,make,Swivel sets slit mode or ring mode
10 Rotary shear head,1,"Frame from 20 mm plate (top and lower plates, two 90 x 60 mm bearing housings) and a 10 mm web in the cut plane; two D2 slitting discs 101 x 10 mm hardened 58 to 60 HRC with 25 mm bores; two 25 mm shafts; three 6005-2RS bearings; eccentric bush (3 mm offset) on the upper shaft to set the 1.0 mm overlap and open the nip 6 mm; 200 mm crank with a free-spinning grip; 1.5 mm sheet disc guard",Local steel stockist; machine shop; cutting tool supplier (discs),265.00,make,Driven upper disc; lower disc idles; DMP-CAL-001 section 5
11 End cutter,1,"12 mm body plate 160 x 120 mm; 40 mm knurled drive wheel on a 16 mm shaft with a 150 mm crank; 30 mm guide roller on a 12 mm axle; 50 x 6 mm hardened cutter wheel (sold as a drum deheader or rotary cutter spare) on a 12 mm arm with an M12 clamp screw; 30 x 8 mm flat bar torque arm resting against the rail post",Local steel stockist; machine shop; cutting tool supplier (wheel),115.00,make,Cuts the head just inside the chime; follows expired US3161952A
12 Roll stand base,1,"60 x 60 x 3 mm RHS: two cross rails 800 mm and two long rails 1,000 mm; S275; about 20 kg",Local steel stockist,45.00,make,Cross rails spread the stand against tipping
13 Side frames,2,"20 mm plate 370 x 250 mm with a 40 mm bush bore and two 60 mm slots (pinch and bending), on two 50 x 50 x 3 mm RHS legs 700 mm; 25 mm top bridge bar with M16 and M20 threaded holes; about 23 kg each",Local steel stockist,75.00,make,Plasma or saw cut; slots filed to fit the slide blocks
14 Rolls,3,"60 mm bright bar C45 (EN8), 900 mm face, 30 mm journals turned each end; lower pinch roll 1,092 mm long, upper pinch roll 1,032 mm, bending roll 984 mm; about 22 kg each",Local steel stockist; machine shop (turning),95.00,make,Needs a lathe with 1.1 m between centres
15 Bushes slide blocks and screws,1,"Six flanged bronze bushes 30 x 40 x 20 mm (flange 52 x 6); four 20 x 60 x 60 mm steel slide blocks bored 40 mm; two M16 pinch screws and two M20 bending screws, each with a captive collar and a handwheel (90 and 110 mm)",Bearing supplier; machine shop,120.00,make,Grease points on each bush
16 Pinch gears,1,"Two spur gears module 3, 20 teeth, 20 mm face, bored 30 mm with keyway; one on each pinch roll at the gear end",Gear or power transmission supplier,60.00,buy,Keep the pinch rolls turning together; 61 mm centres with 1 mm sheet
17 Crank and chain drive,1,"10 mm crank bracket 190 x 120 mm bolted to the side frame; housing tube 50 x 6 mm with two bronze bushes; 25 mm crank shaft; 300 mm crank with a free-spinning grip; #40 (12.7 mm pitch) sprockets 13 and 39 teeth; about 1.3 m of #40 roller chain",Power transmission supplier; local steel stockist,95.00,make,3:1 reduction; DMP-CAL-001 section 6
18 Roll guards,1,"1.5 mm steel sheet: in-feed nip guard with an 8 mm slot above the in-feed table, out-feed guard with a 10 mm slot, lid between them; chain guard box and gear guard box; all bolted on (a tool is needed to remove them)",Local steel stockist,55.00,make,ISO 13857 slot distances checked in DMP-CAL-001 section 8
19 In-feed and out-feed tables,2,"18 mm exterior plywood 900 x 815 mm (in-feed) and 900 x 810 mm (out-feed) on 40 x 40 x 3 mm angle frames with four 40 x 40 x 3 mm RHS legs; tops at the sheet line (900 and 913 mm)",Timber yard; local steel stockist,60.00,make,Support the 1.8 m panels in and out
20 Finishing tools and bench plate,1,"10 mm steel plate 600 x 400 mm; 1.5 kg dead-blow mallet; swivel-blade deburring tool with spare blades; 250 mm flat and half-round files",Hardware store; steel stockist (plate offcut),85.00,buy,Ends of each panel are set flat by hand on the plate
21 Hacksaw snips and blades,1,"300 mm hacksaw with ten 24 tpi bimetal blades; aviation snips, left and right cut",Hardware store,45.00,buy,Notches in the chime rings and hoops on the slit line
22 Procedure sheets,1,"Printed and laminated pictogram sheets: drum acceptance, drain and purge, vapour check, cutting, rolling, finishing",Local print shop,20.00,buy,Drafted from DMP-BLD-001 and DMP-PRC-001
23 Fasteners paint and welding consumables,1,"M10, M12, M16 bolts, nuts and washers not listed above; 3.2 mm E6013 electrodes; primer and enamel; thread locker; grease",Hardware store,120.00,buy,Allowance
24 Personal protective equipment,1,"Cut-resistant gloves EN 388 level C or higher (4 pairs); safety glasses (4); ear defenders (2); leather aprons (2); nitrile gloves (box of 100)",Safety equipment supplier,110.00,buy,Cut-resistant gloves are worn for every task that handles cut edges
